kp,#sentences,sentences_coverage,#comments,comments_coverage
none,57,0.7808219178082192,20,0.9523809523809523
In connection with Article 144 para.,5,0.0684931506849315,4,0.19047619047619047
because it cannot cover offences which were not in force.,5,0.0684931506849315,5,0.23809523809523808
The Government underline that.,4,0.0547945205479452,4,0.19047619047619047
The applicant underlines that for.,2,0.0273972602739726,1,0.047619047619047616
