kp,#sentences,sentences_coverage,#comments,comments_coverage
none,36,0.8780487804878049,13,0.9285714285714286
"the complexity of the case,",3,0.07317073170731707,3,0.21428571428571427
"The Commission considers, in the light of the criteria.",2,0.04878048780487805,2,0.14285714285714285
