kp,#sentences,sentences_coverage,#comments,comments_coverage
none,79,0.5808823529411765,63,0.6363636363636364
In my opinion this condition of reasonableness was not fulfilled.,18,0.1323529411764706,17,0.1717171717171717
The first applicant also alleged a violation of Article 5 para.,18,0.1323529411764706,15,0.15151515151515152
The impugned measures thus had a basis in domestic law.,12,0.08823529411764706,12,0.12121212121212122
In my opinion this decision reduces the meaning of Article 5 para.,7,0.051470588235294115,6,0.06060606060606061
"because of the short duration of the detention,",2,0.014705882352941176,2,0.020202020202020204
