kp,#sentences,sentences_coverage,#comments,comments_coverage
none,9,0.8181818181818182,6,0.8571428571428571
In connection with Article 144 para.,2,0.18181818181818182,2,0.2857142857142857
