kp,#sentences,sentences_coverage,#comments,comments_coverage
none,63,0.8513513513513513,22,1.0
In this respect the applicant points mainly to the lack of.,5,0.06756756756756757,5,0.22727272727272727
A wider sentencing regime is not.,3,0.04054054054054054,2,0.09090909090909091
The applicant also refers to.,3,0.04054054054054054,3,0.13636363636363635
